CarNumber,SURNAME
E432XX77RUS,RICHARDSON
7184TT36RUS,ROSS
X582HE161RUS,MORGAN
X4128H125RUS,BAILEY
H234YH197RUS,LOPEZ
707987163RUS,HOWARD
K330T8197RUS,NELSON
C477M7161RUS,WRIGHT
O21997197RUS,RIVERA
M592CH197RUS,REYES
8182XX154RUS,PARKER
M298CH161RUS,KING
M268CH197RUS,NGUYEN
8440XX154RUS,LOPEZ
9371CE154RUS,SMITH
83298C154RUS,MYERS
Y7659C197RUS,DIAZ
C922YE197RUS,ROBINSON
M5039X197RUS,MORGAN
O672E8197RUS,JONES
C903MC161RUS,BAKER
T7318T163RUS,CRUZ
Y7719C197RUS,RAMOS
T011MY163RUS,MARTINEZ
73467Y96RUS,MORGAN
O134HE197RUS,WRIGHT
H968HY161RUS,LOPEZ
Y654E8750RUS,MITCHELL
H963HY161RUS,BAKER
H232YH197RUS,RUIZ
X791O796RUS,HOWARD
Y359O8197RUS,WALKER
H958HY161RUS,HERNANDEZ
708587163RUS,CHAVEZ
Y973O8197RUS,SANDERS
9677MO178RUS,COOK
97977H178RUS,BENNETT
7066C8197RUS,SMITH
H917TC36RUS,TURNER
X786CO96RUS,GRAY
E42377152RUS,CAMPBELL
8513XX154RUS,RUIZ
T870X7163RUS,ADAMS
8818C877RUS,BAKER
T395OT197RUS,RAMIREZ
K327T8197RUS,MORRIS
X423MK197RUS,YOUNG
O275O7161RUS,BAILEY
7789KT197RUS,ROBINSON
7248C8197RUS,GUTIERREZ
T6068M116RUS,GUTIERREZ
99209X178RUS,ROBINSON
T6449O50RUS,GARCIA
Y353O8197RUS,HARRIS
O719MM163RUS,TURNER
E535MM199RUS,HARRIS
H967HY161RUS,PARKER
Y351O8197RUS,GARCIA
E807HE77RUS,ROSS
7197TT36RUS,MITCHELL
M516CH161RUS,PETERSON
7781KT197RUS,REED
E645TH36RUS,HERNANDEZ
89587X197RUS,BROWN
Y302E877RUS,MURPHY
M058XE36RUS,MARTINEZ
7830C8197RUS,WHITE
M589CH197RUS,FOSTER
9408H7178RUS,GARCIA
8049HT125RUS,PATEL
9698MO178RUS,GARCIA
O77997197RUS,WARD
X242EC197RUS,ROGERS
Y234E877RUS,LONG
97987H178RUS,JIMENEZ
T479KX197RUS,BAKER
K379HY161RUS,KIM
T654HT96RUS,CRUZ
8439XX154RUS,JIMENEZ
7194TT36RUS,WILSON
Y965EE197RUS,BAILEY
X758HY197RUS,HILL
9464EX178RUS,MARTINEZ
H224X836RUS,WILSON
E6849O154RUS,MORRIS
96907X197RUS,COOPER
O83797197RUS,YOUNG
9402KK197RUS,ALLEN
7368C8197RUS,MENDOZA
Y194O8161RUS,ALLEN
H427YH197RUS,GONZALEZ
9583EY178RUS,HERNANDEZ
Y038E877RUS,HARRIS
7826C8197RUS,HALL
K846YE77RUS,PETERSON
82337X197RUS,TAYLOR
X757HY197RUS,RIVERA
934497178RUS,WATSON
E41977152RUS,TORRES
T8008Y125RUS,SANCHEZ
9463EX178RUS,PHILLIPS
Y960EE197RUS,ALLEN
E40577152RUS,PEREZ
7827C8197RUS,ROSS
T394KX197RUS,HERNANDEZ
Y655E8750RUS,MARTIN
H003MH197RUS,HERNANDEZ
Y7699C197RUS,CASTILLO
Y8399C197RUS,CASTILLO
9135X938RUS,RODRIGUEZ
H385TM197RUS,MORALES
H837YK197RUS,HUGHES
E42577152RUS,TAYLOR
9679EC178RUS,SANCHEZ
8165XX154RUS,RICHARDSON
T476KX197RUS,GREEN
C422X938RUS,ANDERSON
K328T8197RUS,WHITE
9466EX178RUS,JAMES
X256HE161RUS,LEWIS
H217X836RUS,WARD
Y316E877RUS,FOSTER
M741T9152RUS,PEREZ
9883HX152RUS,JONES
Y6829Y50RUS,ALLEN
H004MH197RUS,WARD
704987163RUS,RUIZ
E160YX77RUS,NGUYEN
E316EH197RUS,GARCIA
O02597197RUS,HOWARD
M6977E152RUS,CARTER
T769OT197RUS,RICHARDSON
Y778EE197RUS,PRICE
7829C8197RUS,GRAY
T272HH163RUS,COOPER
Y255E877RUS,HILL
9182CE154RUS,JONES
O753MX161RUS,ADAMS
C590EY154RUS,MORGAN
T941CC96RUS,GUTIERREZ
O22397197RUS,ROGERS
T020OX197RUS,ALLEN
E33577152RUS,ROGERS
T6428M116RUS,PEREZ
Y7129Y50RUS,HUGHES
Y418EX197RUS,NGUYEN
E52877152RUS,MITCHELL
9409H7178RUS,ADAMS
Y166O8161RUS,ANDERSON
705287163RUS,BROOKS
9822H8161RUS,HARRIS
8603T8154RUS,THOMPSON
84418C154RUS,MITCHELL
Y965O8197RUS,YOUNG
Y7709C197RUS,WHITE
90159H178RUS,CARTER
Y193O8161RUS,WATSON
Y275O8197RUS,FLORES
K357YE77RUS,KIM
9697MO178RUS,JIMENEZ
Y187O8161RUS,WHITE
E0697X152RUS,CHAVEZ
E40877152RUS,HOWARD
K899T8197RUS,WRIGHT
O83697197RUS,SANDERS
O6939X163RUS,TURNER
Y7649C197RUS,HALL
9935TE152RUS,LOPEZ
704687163RUS,ROSS
T6559O50RUS,TORRES
X765HY197RUS,CRUZ
96857X197RUS,COLLINS
H115YO163RUS,ANDERSON
O143HO197RUS,GOMEZ
K436MO152RUS,KING
9938OH154RUS,CHAVEZ
E5878M777RUS,PEREZ
X257HE161RUS,RAMIREZ
C584EY154RUS,MOORE
H214X836RUS,RIVERA
Y4298M777RUS,MARTIN
E28977161RUS,ANDERSON
H889YK197RUS,EVANS
7363C8197RUS,BAKER
Y357O8197RUS,CASTILLO
T6039O50RUS,DAVIS
7365C8197RUS,YOUNG
Y967O8197RUS,WRIGHT
E816HE77RUS,JIMENEZ
T6329O50RUS,CASTILLO
X504X8197RUS,ADAMS
M374CH197RUS,RAMIREZ
X523OM161RUS,KIM
C412X938RUS,PEREZ
8164XX154RUS,TURNER
X015HY197RUS,STEWART
Y652O8197RUS,RUIZ
E53477152RUS,CLARK
E822TH36RUS,ROSS
E445TC197RUS,KELLY
C515X938RUS,FLORES
7172TT36RUS,ALVAREZ
8180XX154RUS,ROSS
9499KX178RUS,ROBERTS
T6309O50RUS,GRAY
T6129O50RUS,MARTIN
8685HE154RUS,SCOTT
72457Y96RUS,SANDERS
Y7449Y50RUS,THOMAS
O017KO197RUS,TURNER
E591HE77RUS,RUIZ
8437XX154RUS,ROGERS
X760HY197RUS,BROOKS
O058M7161RUS,WOOD
H220X836RUS,LEE
H218X836RUS,CARTER
T913CT197RUS,HALL
T6439O50RUS,EVANS
X286TC36RUS,PATEL
O752MX161RUS,COX
9137X938RUS,ALLEN
7064C8197RUS,RAMIREZ
92828M178RUS,MOORE
X767HY197RUS,TAYLOR
9498KX178RUS,EDWARDS
T017OX197RUS,RIVERA
X522OM161RUS,CASTILLO
O085E8197RUS,COOK
8166XX154RUS,RODRIGUEZ
705387163RUS,YOUNG
X4138H125RUS,SCOTT
8441XX154RUS,JIMENEZ
9683EC178RUS,RICHARDSON
T483CT96RUS,HARRIS
T940CC96RUS,CRUZ
C58078163RUS,PHILLIPS
O02397197RUS,PHILLIPS
T018OX197RUS,RICHARDSON
8611T8154RUS,ORTIZ
9942KK197RUS,GARCIA
704787163RUS,MOORE
E53488152RUS,MORGAN
C313MM99RUS,LEWIS
X763HY197RUS,GOMEZ
M386M9197RUS,PETERSON
8605T8154RUS,ALLEN
O22297197RUS,THOMPSON
7147OE161RUS,ROBERTS
96429X178RUS,STEWART
Y359EY197RUS,GUTIERREZ
E53277152RUS,ROBERTS
9469EX178RUS,MOORE
Y6839Y50RUS,JAMES
H237YH197RUS,HERNANDEZ
T948OM96RUS,WRIGHT
M301CH161RUS,ROBERTS
M581CH197RUS,BAKER
E79988152RUS,ALLEN
9496KX178RUS,MORGAN
9488EY178RUS,REED
T6319O50RUS,WRIGHT
H305T8197RUS,RODRIGUEZ
8201XX154RUS,DIAZ
O64297197RUS,RODRIGUEZ
9523M8178RUS,WARD
T6229O50RUS,ANDERSON
9943KK197RUS,MORGAN
8226XX154RUS,JOHNSON
Y038TO197RUS,PATEL
M0289X197RUS,ROSS
E811HE77RUS,JACKSON
O39997197RUS,MOORE
97968K152RUS,NELSON
K339T8197RUS,ANDERSON
H219X836RUS,GRAY
T6169O50RUS,RICHARDSON
94178K154RUS,LONG
9467EX178RUS,COX
O78097197RUS,KING
X5707X161RUS,RAMOS
Y232E877RUS,ALLEN
X255HE161RUS,MARTIN
E552MO152RUS,GUTIERREZ
97998K152RUS,JAMES
Y963O8197RUS,SCOTT
T477KX197RUS,LEWIS
T2639T116RUS,TAYLOR
O49797197RUS,WOOD
708187163RUS,MARTIN
O83597197RUS,EVANS
8601XX154RUS,ROBINSON
H387TM197RUS,THOMAS
O68897197RUS,MITCHELL
E948C8152RUS,REED
C514X938RUS,KING
C589EY154RUS,CRUZ
C420X938RUS,NELSON
T6418M116RUS,MORRIS
8607XX154RUS,GREEN
92778M178RUS,WILLIAMS
9886HX152RUS,GOMEZ
C583EY154RUS,EDWARDS
7788KT197RUS,MURPHY
T016OX197RUS,FLORES
T6419O50RUS,MITCHELL
T6459O50RUS,HILL
X759HY197RUS,DAVIS
705787163RUS,ROBINSON
92898M178RUS,RAMIREZ
X023HY197RUS,THOMAS
9671EC178RUS,BAKER
M302CH161RUS,RUIZ
M578CH197RUS,HERNANDEZ
Y207O8161RUS,HARRIS
T912CT197RUS,WALKER
M256OH161RUS,COOK
89557X197RUS,MARTIN
E773EH197RUS,WRIGHT
K2817K154RUS,MOORE
Y964O8197RUS,GONZALEZ
E394MO152RUS,HOWARD
O50699163RUS,WATSON
K338T8197RUS,HOWARD
O22097197RUS,BAILEY
Y687HM197RUS,CARTER
8311XX154RUS,FOSTER
98037H178RUS,FOSTER
7828C8197RUS,PARKER
H980HY161RUS,MORGAN
Y305E877RUS,RODRIGUEZ
8521XX154RUS,ALVAREZ
H906YK197RUS,BENNETT
7199MT197RUS,MITCHELL
X908XC197RUS,THOMPSON
T171CC96RUS,PARKER
X4108H125RUS,SANCHEZ
K2797K154RUS,TURNER
7089H8163RUS,WARD
7841C8197RUS,KING
9940KK197RUS,PRICE
9028CO161RUS,EVANS
H971HY161RUS,BROOKS
M0269X197RUS,KELLY
H844YH197RUS,HALL
Y195O8161RUS,WHITE
E33477152RUS,COLLINS
Y156E877RUS,LOPEZ
E396MO152RUS,LEE
H908YK197RUS,BROOKS
Y969O8197RUS,WHITE
7840C8197RUS,THOMPSON
T6249O50RUS,WATSON
E53677152RUS,TORRES
9941KK197RUS,RUIZ
E28877161RUS,CRUZ
M0299X197RUS,CHAVEZ
M372CH197RUS,FOSTER
K040CC197RUS,GOMEZ
E41577152RUS,PHILLIPS
9763HY161RUS,LOPEZ
T535ET96RUS,GREEN
92918M178RUS,RICHARDSON
K559KC161RUS,CARTER
7369C8197RUS,ALLEN
8321XX154RUS,COX
H961HY161RUS,MYERS
M2169X197RUS,WARD
8234XX154RUS,TORRES
M375CH197RUS,JAMES
92928M178RUS,GREEN
E52677152RUS,HARRIS
8451M7154RUS,ORTIZ
9589EY178RUS,BROOKS
H907YK197RUS,MARTIN
O39897197RUS,ADAMS
M3879X197RUS,TORRES
H618YC38RUS,NELSON
C299K9154RUS,TAYLOR
H982HY161RUS,REYES
8224XX154RUS,HUGHES
Y653E8750RUS,RIVERA
K558KC161RUS,ROBINSON
9468EX178RUS,HALL
7183TT36RUS,GREEN
T242H8197RUS,GOMEZ
K27188138RUS,CASTILLO
X782CO96RUS,GREEN
T686EO197RUS,RAMIREZ
96629X178RUS,MYERS
9020YC197RUS,BENNETT
M680T9152RUS,PARKER
7831C8197RUS,YOUNG
7844C8197RUS,FLORES
C410X938RUS,LONG
X762HY197RUS,MARTINEZ
9470EX178RUS,JIMENEZ
9762HY161RUS,COOK
98017H178RUS,CARTER
Y780EE197RUS,SMITH
M580CH197RUS,REYES
9943OH154RUS,WATSON
Y354O8197RUS,CRUZ
7065C8197RUS,BAKER
9938KK197RUS,MORALES
E28777161RUS,SANDERS
M701T9152RUS,BROWN
E577HE77RUS,ROGERS
9072EM178RUS,SCOTT
C3829X154RUS,ADAMS
T478KX197RUS,YOUNG
T119CT96RUS,BROOKS
X795O796RUS,GOMEZ
708487163RUS,TURNER
H983HY161RUS,KING
7842C8197RUS,RUIZ
O64097197RUS,HARRIS
Y693HM197RUS,STEWART
7177TT36RUS,PATEL
9428EX178RUS,HERNANDEZ
84438C154RUS,SMITH
O49897197RUS,SMITH
H963X936RUS,ALVAREZ
T341CC96RUS,ROGERS
9141H8178RUS,ROSS
7370C8197RUS,PEREZ
9890HX152RUS,EVANS
Y388E877RUS,ANDERSON
C419X938RUS,LONG
M0319X197RUS,ADAMS
M577CH197RUS,WILSON
H975HY161RUS,THOMAS
X018HY197RUS,FOSTER
E33177152RUS,PRICE
Y7689C197RUS,RAMIREZ
9491H7178RUS,GUTIERREZ
96679X178RUS,STEWART
9594HY161RUS,MENDOZA
83218C154RUS,RAMIREZ
9764HY161RUS,PATEL
92788M178RUS,BENNETT
Y656E8750RUS,LONG
M0279X197RUS,ORTIZ
X320MK197RUS,CLARK
C803KE163RUS,GOMEZ
Y7379Y50RUS,ROGERS
C476M7161RUS,CAMPBELL
Y650E8750RUS,SMITH
H235YH197RUS,LONG
9474EX178RUS,ALVAREZ
Y8259C197RUS,COOK
E29577161RUS,MENDOZA
X761HY197RUS,KIM
T396KX197RUS,SANCHEZ
C593EY154RUS,JONES
Y164O8161RUS,LEE
M942OT152RUS,RIVERA
T195OK161RUS,COOK
Y7429Y50RUS,RICHARDSON
H976HY161RUS,ALVAREZ
O669E8197RUS,HUGHES
K329T8197RUS,JOHNSON
96659X178RUS,ANDERSON
H957HY161RUS,FOSTER
7784KT197RUS,COOK
9939KK197RUS,FOSTER
M373CH197RUS,WALKER
7164YM36RUS,LOPEZ
7843C8197RUS,STEWART
T395KX197RUS,EDWARDS
T6488M116RUS,MURPHY
7361C8197RUS,MARTINEZ
98047H178RUS,CAMPBELL
8316XX154RUS,BAKER
O481OH77RUS,EVANS
K326T8197RUS,GREEN
X796TH96RUS,WATSON
Y274O8197RUS,ROBINSON
Y358O8197RUS,CARTER
E223YM197RUS,PETERSON
E42277152RUS,BAILEY
E34877152RUS,WRIGHT
Y964EE197RUS,GARCIA
T6049O50RUS,BENNETT
H259HY161RUS,NELSON
T288CT96RUS,YOUNG
Y344E877RUS,JOHNSON
K889HY161RUS,GUTIERREZ
T399KX197RUS,CLARK
O421OT161RUS,LOPEZ
7360C8197RUS,ROBERTS
9881HX152RUS,LONG
T6359O50RUS,LEWIS
E29677161RUS,MYERS
T020MM116RUS,THOMAS
C798ET50RUS,REED
9502XX38RUS,WATSON
Y273O8197RUS,RAMOS
K376HE161RUS,MURPHY
7193TT36RUS,GARCIA
O785T9163RUS,THOMPSON
Y352O8197RUS,SANDERS
9068EM178RUS,BROOKS
7783KT197RUS,HALL
E881OT197RUS,GREEN
9975CC77RUS,RAMIREZ
C592EY154RUS,LEWIS
7364C8197RUS,HERNANDEZ
Y966O8197RUS,BAKER
T914CT197RUS,MARTIN
O50197197RUS,WRIGHT
7608EE777RUS,HILL
X583HE161RUS,KING
Y7229Y50RUS,BROWN
8325M7154RUS,RICHARDSON
Y192O8161RUS,WOOD
96599X178RUS,SANDERS
H966HY161RUS,NGUYEN
98087H178RUS,MORRIS
K2807K154RUS,LONG
H977HY161RUS,MENDOZA
7367C8197RUS,ROBINSON
Y356O8197RUS,REYES
9398MM199RUS,MITCHELL
8436XX154RUS,WALKER
O136HO197RUS,BROWN
O718MM163RUS,MILLER
X999XX197RUS,SMITH
Y888YY77RUS,JOHNSON
Z777ZZ99RUS,BROWN
